"RelativePath","SHA256","SizeBytes"
"00_REVIEW_REQUEST.md","54da7269efaec3959e5bf6588cdff5ff6c2274e008ee716cc7f550d4873e6990","742"
"baselines/05_BUSINESS_AND_CONTRACT_INHERITANCE.md","0b6f7d4bf1313a6dd989b4c1ce25696585b4049d1dc849dd2d90a7f850a6f541","13784"
"baselines/08_RULES_COMPLIANCE_AND_DECISIONS.md","e41824c01d22060617f610f6574917691d6dfd9271eb53863b64b39052199375","9229"
"baselines/09_SELF_REVIEW.md","262bc5204f657ff03540cd9d046b400014684b93d71bfdd253a30317f9ca2ada","10437"
"baselines/BSC_TESTNET_DEPLOYMENT_BASELINE.md","ded9ffb342e8751fb4020b1cbc9d23c5de0feb80fee713dd5b2148a8b2947bc4","8906"
"baselines/CONTRACT_SECURITY_AUDIT.md","7c4320e7761c5dbaf9f5488ff2213900b10e41d2c098d9830105f2985f0c24e9","15496"
"baselines/通用智能合约安全开发风险控制与漏洞治理规范 V1.0.md","5c3032b4e947e4d3568ddd9a412b2897b5f5db9529e4a1aff17a2d33f3a68bac","47124"
"PANGU2_V2_PLAN_AND_BASELINES_COMBINED.md","26864f6bb588caebecf5a67386e39395c91a97576a6b068608289f70669d2fa8","197142"
"remediation/00_AUDIT_FINDINGS_BASELINE.md","6f96acee4b9085520f0b805d44256079c515cad5e0c87059f4a08f88301a43d1","3341"
"remediation/01_MASTER_EXECUTION_PROMPT.md","0afa8e35f719d5b73a0e48f9f6e307a2aca3c82490d98652f459d28f2e124808","5621"
"remediation/02_REVIEW_WORKFLOW_AND_PROMPTS.md","46d7045eb60ddfeef6843ecbc982752253b637dc85698e7d4b7261e599f1971b","8588"
"remediation/03_STAGE_EVIDENCE_TEMPLATE.md","c8483b5990af336b0c35bec45ce7eb4b9ed9b6638d3ce0407e602e52df1431ca","2928"
"remediation/04_CLOUD_REVIEW_SUBMISSION_CHECKLIST.md","dae0c8d0c00794da452b2d66650aa70e157e72a808adb109a12e90215d8eae74","3315"
"remediation/05_EXTERNAL_PLAN_REVIEW_ADJUDICATION.md","b5f68e068c82f72643ec6781588812870b226506509c70cd2bdf8f8e02ef46ad","4887"
"remediation/README.md","5cb33718e09c71babcd9e89f936a8bf39f96e030be74fe2759b15b0987a8139e","7239"
"remediation/stages/S0_DESIGN_AND_INVARIANT_FREEZE.md","9b14542a7b353bd28875dd417ebd7fc2d576e87dd8eade209b5982501183ff84","10491"
"remediation/stages/S1_COST_BASIS_DUAL_LEDGER.md","02c72adeeaf8b0d0fc79c35ff5a55f1fec085f365be548f037e8f473296d734b","4089"
"remediation/stages/S2_TOKEN_ROUTER_MIXED_SETTLEMENT_AND_WHITELIST.md","82d2328aa4719fd31a21cc90db0d7957c056ab7c8126732d8147f3a1d8f1a157","4932"
"remediation/stages/S3_STAKING_COST_BASIS_BRIDGE.md","120dd37fc1be9fedc390f26f76d2a4fa6671ac8e82224abe38a380c612812534","4975"
"remediation/stages/S4A_STAKING_REWARD_EXIT.md","2e2634211a3c7e4fd6f7872798b6d643258d92015d11813ec612ff35535078ef","4404"
"remediation/stages/S4B_STAKING_PAUSE_AND_EMERGENCY_CONTROL.md","1389a165d1ee093b7439651e138ddee1e4b42496df419bf33fef5afbdd5c6e2e","3254"
"remediation/stages/S5_SUPPORT_BUYBACK_PRICE_IMPACT.md","49a312511194b95877fdc67fbc333ec0d6699bfd11e773773d922da37da3e2fb","3625"
"remediation/stages/S6_DIVIDEND_EPOCH_FINALITY.md","daebd8cd72153a8a228837e5a6dab325d277cacdea0a62c122d2ad8c07487765","2754"
"remediation/stages/S7_ORACLE_UINT32_ROLLOVER.md","11194a8e75ca70e3b58df073e9da006ead377c3b8a2e18c7f08fd9404757f41c","2890"
"remediation/stages/S8A_CONTRACT_ACCOUNT_LIFECYCLE.md","520cd199216fcfb2ad67d1a4dfbad7f0bf605bd592cbf491fbebb1216796d74c","3657"
"remediation/stages/S8B_CONTRACT_ACCOUNT_BYPASS_REGRESSION.md","c0f9d0aea11356cc0ca9d5f2d61c2f21d38b86d948445ddaee02514ad00becbd","3537"
"remediation/stages/S9_FINAL_CODE_EXIT_GATE.md","bf289cbe09d3c498496f87b42c10428d2797403adec8a69c38f059f820a8785d","5640"
"review-history/01_INITIAL_PLAN_REVIEW_CHANGES_REQUIRED.md","fb9afc4716b4ee1e6880cffc5749442513a9373dce0756fc2eaf8ff3d562a181","35069"
"review-history/02_RE_REVIEW_BLOCKED_INCOMPLETE_PACKAGE.md","0e42c94e6be4be206c7a0609946227b03d573e050631beec0548217420aca299","21101"
"SOURCE_SNAPSHOT_SHA256.txt","d2c26d49a88284b6aed6b1a1263f8025778749e7d59a07c9d88b48842704ecdb","406"
"source-snapshots/DEPLOYED_3ef50b6d77a31c092e9353e255e672836f36ece8.zip","73516c11c1ece52255bac5b064708f9be80b34cf282fbe4659d34001c1b113f1","75500"
"source-snapshots/PLANNING_4d33669b41568fa573e9c0e5865be8b1cea803c3.zip","9fed2c92774f4726dd28c4f1bad3514d0152e525f58c720fb9cf187f9e9192cc","77050"
"TARGET_COMMITS.txt","385f69359e78fd06a196de8c97fc14df824d6a269462854765fa3cc524f351d4","435"
