file,sha256
00_RUNTIME_GATE_STATUS.md,52cc6ce656a4716b016f3785c486864284a88f0afb003b9eb7eea072c48396a5
03_BSC_TESTNET_READBACK_PLAN.md,ca7e02a92d06db10cbb724fa64acd6d723220db1f810375a97d9d5f0e5b12b98
04_BSC_TESTNET_READBACK_EVIDENCE.md,91d37d7be165b256d63a08a99e72d6f10d1e9b5583a35f5067da4220e41d115c
OWNER_SECURITY_DECISION.md,cb9088a9e550c0e9e50f57765f3f53a741613a3a95535c21320601b7bed65944
RPC_APPROVAL_EVIDENCE.md,396cbe471784b38adb0b29b460c3b326e6b410e3b1e20c26801ce5b362e78770
rt02_readback.ps1,e587e971e8ca931cf4891e74746578f893ab70ba0bf6cd90168e46401db1c640
rt02_raw_evidence.txt,ef9e59de6c51c87c57c539b2c436d03dab5db4b0475f9e8bd9db4d62d6874a0e
rt02_role_evidence.ps1,9274090ea0bdb6590fd58ab2b2c78dbc3ddd6625dbc4b023900059f9b6531f03
rt02_role_evidence.txt,bf6db5a23c8b70d7e0dcf18eda258019979ee4486a45bbe7d341d419ccd09ab5
